<?xml version="1.0" encoding="utf-8" standalone="yes" ?>
<rss version="2.0" xmlns:atom="http://www.w3.org/2005/Atom">
  <channel>
    <title>Posts on Blackburn Theme Demo</title>
    <link>/post/</link>
    <description>Recent content in Posts on Blackburn Theme Demo</description>
    <generator>Hugo -- gohugo.io</generator>
    <language>en-us</language>
    <copyright>&amp;copy; 2016. All rights reserved.</copyright>
    <lastBuildDate>Sun, 28 Sep 2014 00:00:00 +0000</lastBuildDate>
    
	<atom:link href="/post/index.xml" rel="self" type="application/rss+xml" />
    
    
    <item>
      <title>Creating a New Theme</title>
      <link>/post/creating-a-new-theme/</link>
      <pubDate>Sun, 28 Sep 2014 00:00:00 +0000</pubDate>
      
      <guid>/post/creating-a-new-theme/</guid>
      <description>Introduction This tutorial will show you how to create a simple theme in Hugo. I assume that you are familiar with HTML, the bash command line, and that you are comfortable using Markdown to format content. I&amp;rsquo;ll explain how Hugo uses templates and how you can organize your templates to create a theme. I won&amp;rsquo;t cover using CSS to style your theme.
We&amp;rsquo;ll start with creating a new site with a very basic template.</description>
    </item>
    
    <item>
      <title>Migrate to Hugo from Jekyll</title>
      <link>/post/migrate-from-jekyll/</link>
      <pubDate>Mon, 10 Mar 2014 00:00:00 +0000</pubDate>
      
      <guid>/post/migrate-from-jekyll/</guid>
      <description>Move static content to static Jekyll has a rule that any directory not starting with _ will be copied as-is to the _site output. Hugo keeps all static content under static. You should therefore move it all there. With Jekyll, something that looked like
▾ &amp;lt;root&amp;gt;/ ▾ images/ logo.png  should become
▾ &amp;lt;root&amp;gt;/ ▾ static/ ▾ images/ logo.png  Additionally, you&amp;rsquo;ll want any files that should reside at the root (such as CNAME) to be moved to static.</description>
    </item>
    
    <item>
      <title>Blackdown test post1</title>
      <link>/post/blackdown-test-post1/</link>
      <pubDate>Tue, 14 Nov 2017 00:00:00 +0000</pubDate>
      
      <guid>/post/blackdown-test-post1/</guid>
      <description>## ── Attaching packages ───────────────────────── tidyverse 1.2.1 ── ## ✔ ggplot2 2.2.1 ✔ purrr 0.2.4 ## ✔ tibble 1.3.4 ✔ dplyr 0.7.4 ## ✔ tidyr 0.7.2 ✔ stringr 1.2.0 ## ✔ readr 1.1.1 ✔ forcats 0.2.0 ## ── Conflicts ──────────────────────────── tidyverse_conflicts() ── ## ✖ dplyr::filter() masks stats::filter() ## ✖ dplyr::lag() masks stats::lag() ## Warning: Duplicated column names deduplicated: &amp;#39;#value+funding+contribution ## +type&amp;#39; =&amp;gt; &amp;#39;#value+funding+contribution+type_1&amp;#39; [9] ## Parsed with column specification: ## cols( ## .</description>
    </item>
    
    <item>
      <title>Hello R Markdown</title>
      <link>/post/2015-07-23-r-rmarkdown/</link>
      <pubDate>Thu, 23 Jul 2015 21:13:14 -0500</pubDate>
      
      <guid>/post/2015-07-23-r-rmarkdown/</guid>
      <description>R Markdown This is an R Markdown document. Markdown is a simple formatting syntax for authoring HTML, PDF, and MS Word documents. For more details on using R Markdown see http://rmarkdown.rstudio.com.
You can embed an R code chunk like this:
summary(cars) ## speed dist ## Min. : 4.0 Min. : 2.00 ## 1st Qu.:12.0 1st Qu.: 26.00 ## Median :15.0 Median : 36.00 ## Mean :15.4 Mean : 42.98 ## 3rd Qu.</description>
    </item>
    
    <item>
      <title>(Hu)go Template Primer</title>
      <link>/post/goisforlovers/</link>
      <pubDate>Wed, 02 Apr 2014 00:00:00 +0000</pubDate>
      
      <guid>/post/goisforlovers/</guid>
      <description>Hugo uses the excellent go html/template library for its template engine. It is an extremely lightweight engine that provides a very small amount of logic. In our experience that it is just the right amount of logic to be able to create a good static website. If you have used other template systems from different languages or frameworks you will find a lot of similarities in go templates.
This document is a brief primer on using go templates.</description>
    </item>
    
    <item>
      <title>Getting Started with Hugo</title>
      <link>/post/hugoisforlovers/</link>
      <pubDate>Wed, 02 Apr 2014 00:00:00 +0000</pubDate>
      
      <guid>/post/hugoisforlovers/</guid>
      <description>Step 1. Install Hugo Goto hugo releases and download the appropriate version for your os and architecture.
Save it somewhere specific as we will be using it in the next step.
More complete instructions are available at installing hugo
Step 2. Build the Docs Hugo has its own example site which happens to also be the documentation site you are reading right now.
Follow the following steps:
 Clone the hugo repository Go into the repo Run hugo in server mode and build the docs Open your browser to http://localhost:1313  Corresponding pseudo commands:</description>
    </item>
    
  </channel>
</rss>