<?xml version="1.0" encoding="utf-8" standalone="yes" ?>
<rss version="2.0" xmlns:atom="http://www.w3.org/2005/Atom">
  <channel>
    <title>Tags on Blackburn Theme Demo</title>
    <link>/tags/</link>
    <description>Recent content in Tags on Blackburn Theme Demo</description>
    <generator>Hugo -- gohugo.io</generator>
    <language>en-us</language>
    <copyright>&amp;copy; 2016. All rights reserved.</copyright>
    <lastBuildDate>Wed, 02 Apr 2014 00:00:00 +0000</lastBuildDate>
    
	<atom:link href="/tags/index.xml" rel="self" type="application/rss+xml" />
    
    
    <item>
      <title>Development</title>
      <link>/tags/development/</link>
      <pubDate>Wed, 02 Apr 2014 00:00:00 +0000</pubDate>
      
      <guid>/tags/development/</guid>
      <description></description>
    </item>
    
    <item>
      <title>Go</title>
      <link>/tags/go/</link>
      <pubDate>Wed, 02 Apr 2014 00:00:00 +0000</pubDate>
      
      <guid>/tags/go/</guid>
      <description></description>
    </item>
    
    <item>
      <title>Golang</title>
      <link>/tags/golang/</link>
      <pubDate>Wed, 02 Apr 2014 00:00:00 +0000</pubDate>
      
      <guid>/tags/golang/</guid>
      <description></description>
    </item>
    
    <item>
      <title>Hmm</title>
      <link>/tags/hmm/</link>
      <pubDate>Tue, 14 Nov 2017 00:00:00 +0000</pubDate>
      
      <guid>/tags/hmm/</guid>
      <description></description>
    </item>
    
    <item>
      <title>Hugo</title>
      <link>/tags/hugo/</link>
      <pubDate>Wed, 02 Apr 2014 00:00:00 +0000</pubDate>
      
      <guid>/tags/hugo/</guid>
      <description></description>
    </item>
    
    <item>
      <title>Plot</title>
      <link>/tags/plot/</link>
      <pubDate>Thu, 23 Jul 2015 21:13:14 -0500</pubDate>
      
      <guid>/tags/plot/</guid>
      <description></description>
    </item>
    
    <item>
      <title>R Markdown</title>
      <link>/tags/r-markdown/</link>
      <pubDate>Thu, 23 Jul 2015 21:13:14 -0500</pubDate>
      
      <guid>/tags/r-markdown/</guid>
      <description></description>
    </item>
    
    <item>
      <title>Regression</title>
      <link>/tags/regression/</link>
      <pubDate>Thu, 23 Jul 2015 21:13:14 -0500</pubDate>
      
      <guid>/tags/regression/</guid>
      <description></description>
    </item>
    
    <item>
      <title>Templates</title>
      <link>/tags/templates/</link>
      <pubDate>Wed, 02 Apr 2014 00:00:00 +0000</pubDate>
      
      <guid>/tags/templates/</guid>
      <description></description>
    </item>
    
    <item>
      <title>Themes</title>
      <link>/tags/themes/</link>
      <pubDate>Wed, 02 Apr 2014 00:00:00 +0000</pubDate>
      
      <guid>/tags/themes/</guid>
      <description></description>
    </item>
    
  </channel>
</rss>