<?xml version="1.0" encoding="utf-8" standalone="yes" ?>
<rss version="2.0" xmlns:atom="http://www.w3.org/2005/Atom">
  <channel>
    <title>Hmm on Blackburn Theme Demo</title>
    <link>/tags/hmm/</link>
    <description>Recent content in Hmm on Blackburn Theme Demo</description>
    <generator>Hugo -- gohugo.io</generator>
    <language>en-us</language>
    <copyright>&amp;copy; 2016. All rights reserved.</copyright>
    <lastBuildDate>Tue, 14 Nov 2017 00:00:00 +0000</lastBuildDate>
    
	<atom:link href="/tags/hmm/index.xml" rel="self" type="application/rss+xml" />
    
    
    <item>
      <title>Blackdown test post1</title>
      <link>/post/blackdown-test-post1/</link>
      <pubDate>Tue, 14 Nov 2017 00:00:00 +0000</pubDate>
      
      <guid>/post/blackdown-test-post1/</guid>
      <description>## ── Attaching packages ───────────────────────── tidyverse 1.2.1 ── ## ✔ ggplot2 2.2.1 ✔ purrr 0.2.4 ## ✔ tibble 1.3.4 ✔ dplyr 0.7.4 ## ✔ tidyr 0.7.2 ✔ stringr 1.2.0 ## ✔ readr 1.1.1 ✔ forcats 0.2.0 ## ── Conflicts ──────────────────────────── tidyverse_conflicts() ── ## ✖ dplyr::filter() masks stats::filter() ## ✖ dplyr::lag() masks stats::lag() ## Warning: Duplicated column names deduplicated: &amp;#39;#value+funding+contribution ## +type&amp;#39; =&amp;gt; &amp;#39;#value+funding+contribution+type_1&amp;#39; [9] ## Parsed with column specification: ## cols( ## .</description>
    </item>
    
  </channel>
</rss>